"Year","Month","PV","Tempadj","Saladj","PerSecadj","CHlaadj","DOadj","DOpadj","Nadj","pHadj","Phosadj","FBCAdj","BFDM_Adj","SFDM_Adj"
2003,1,0,22.3844540203797,23.041755344361,63.9596078141203,11.7093647278161,7.11089384860677,89.9427950464408,0.0763039776566051,8.07262793098962,0.165732385617108,7.45188634259259,40294.8040069444,3.30304156124195
2004,1,0.699,24.2195971274894,28.5283078516271,68.2743251844228,10.115526574808,6.77275811117682,89.9306471909455,0.235786152344662,8.05699092707163,0.165062246728219,11.4028863425926,70973.8840069444,2.89640553146672
2005,1,0.097,23.8772188387487,27.8548218545303,67.1756356723621,9.67916215375181,6.71003270205475,88.0893922895168,0.226518934713808,8.07482350380625,0.169536406934937,16.1678863425926,53982.1040069444,2.66098288503391
2006,1,0,25.2973441403825,29.5260318571346,84.7390144936502,8.14506706129444,6.62502137945115,90.7423138566972,0.264100546284056,7.97647851978061,0.145367802283774,18.1448863425926,80844.0940069444,3.04110348134771
2007,1,0.255,27.6166627778444,29.0832049954715,73.8156112722802,8.85726478533427,6.077769473595,87.1310589541834,0.227428516581086,8.01528566832646,0.126501523214007,12.8958863425926,87616.5340069445,3.09956306644616
2008,1,0,23.9855527212858,33.4275622166401,81.6197091439729,7.4530250192524,6.55529480150587,91.2658432689194,0.232455546284056,8.09992822755025,0.138139541414209,11.5398863425926,33554.8340069444,3.25437986915422
2009,1,0,22.656737697021,34.0272670315071,60.181982967614,8.39117797740536,6.44380938543672,87.3454435703322,0.388485546284056,8.00487870181271,0.135967802283774,13.9168863425926,37435.5340069444,3.02849999669814
2010,1,0,19.1316741728668,30.115282155796,71.0438775986856,7.76374186513053,8.31691976923805,84.0159563912937,0.420498273556783,8.01683813744163,0.128610226526199,12.0558863425926,25743.1640069444,3.15046508206647
2011,1,0,20.4713052326249,30.2994832966531,67.3100950362213,10.757980574808,6.08696691095307,90.9726690179809,0.34869275939881,8.13066403030235,0.121951135617108,12.2108863425926,73281.5440069444,2.67042582170412
2012,1,0,25.1173806512777,28.57100365648,66.2683294530391,9.64983057480795,6.49554830527621,85.7673231067231,0.319189314399998,8.0193973479687,0.112448684636715,16.2448863425926,37463.4440069444,2.97561498314932
2013,1,0,27.7163576566301,29.9094790157318,73.2818022596641,9.78762819385557,4.86681363717488,70.1356559704929,0.215139831998342,8.14771068647076,0.136990529556502,10.3118863425926,39830.7440069444,2.57852308340536
2014,1,0,24.2412860110496,28.3428879759388,74.7012411669817,9.23378890814129,6.25638837257972,84.319467557706,0.346649788708299,8.20226141787444,0.125609468950441,10.7398863425926,43339.5940069444,2.68630784235018
2015,1,0,25.2444428209959,28.6310918484515,71.1251482915157,9.73116678170451,6.16717878049899,88.5961037316869,0.243802469360979,7.83791615163201,0.153334468950441,18.9148863425926,34119.8340069444,2.78746252063143
2016,1,0,22.5840265342454,24.7346432670023,73.3344486799643,10.6260382019266,6.65754974825168,91.0442402416232,0.301739630791098,8.16833813744005,0.160959907546932,12.8068863425926,26387.8340069444,3.0673447126465
2017,1,0,27.3220268500204,30.7278406351807,54.8447592939701,10.5004324266598,6.35315135644759,91.05663790367,0.183593016163574,8.01633813743361,0.147069725360697,13.7888863425926,50737.6340069444,2.77679151590102
2003,2,0.599,24.7907835619321,25.122345056079,70.0930597722014,9.37243130991654,6.92733477593873,88.5115714161818,0.0621710098426844,8.00485894878024,0.175997805924551,13.6657724537037,40165.3102569444,3.23691977770539
2004,2,0.176,23.2125869528692,28.5614110521478,71.3000862482075,10.5956545799063,7.27850685476538,86.3236874267807,0.234026892195626,8.02184111211664,0.132894923504459,14.2497724537037,66109.8952569444,3.16011181291334
2005,2,0.703,24.6481079044463,29.3007661899657,49.3448523526201,9.97425680753566,6.98966536950238,90.2826416750814,0.201020011461681,8.0383784331835,0.147733003292972,13.5627724537037,51415.5302569444,2.62655768426958
2006,2,0.301,21.7436250608433,29.2609652761195,81.6349771218071,8.34117094895397,7.15148472349627,83.683351831327,0.225961358215043,8.24928461667987,0.129209250729745,17.4047724537037,77965.2402569444,2.87246948262211
2007,2,0.279,24.2503988657726,29.8422644659955,78.0568324962706,7.52307642159078,6.86022920071642,90.081569778586,0.206953659872393,8.10814352241042,0.121108601379096,12.5387724537037,71556.5602569444,3.09743136212101
2008,2,0,26.8057354891653,31.3064235013048,79.8258803950732,9.1065042822873,6.60686228985643,85.1149031132526,0.230480595899329,7.99649094050696,0.154188006541835,14.3407724537037,32260.7702569444,3.23881159333074
2009,2,0,23.7076380345272,32.5191750939884,77.3377706390184,7.13996805040324,7.44702561202486,91.137518497609,0.279991177909911,7.95890145398476,0.129434543729429,15.5377724537037,29860.6102569444,3.05767721965128
2010,2,0.041,20.1892326400707,29.4956440955061,72.2322054349301,7.91528206006508,7.12590380391992,81.6618774720962,0.344924779519569,8.04599033000269,0.131136450290748,13.5597724537037,32981.7102569444,3.0166905173252
2011,2,0,24.0036701656229,29.7631636205267,70.7314135938663,10.7074333603015,6.94168020135282,85.6548261899808,0.380353815272549,8.16542622745782,0.13186957316593,10.5837724537037,61015.3102569444,2.89136199409957
2012,2,0,26.8856443830044,30.1392472043513,57.4288694496325,9.87083761562064,6.45778152434211,81.8086723440193,0.31473957876279,8.05925892628059,0.121650209770705,14.9987724537037,51745.8502569444,2.95538514021213
2013,2,0,26.2429951043698,31.1568477992169,72.6587400885753,9.15892272200361,6.81293364117511,87.4853817466154,0.222023558862292,8.08637952415913,0.12994753418542,11.8477724537037,53225.6902569445,2.64476091692864
2014,2,0,25.2775160694928,29.3526504688496,72.5021136125995,8.95923761562064,7.3294535874568,91.9908417095237,0.220276892195626,8.03234813884959,0.131104055924551,11.2107724537037,42968.9602569444,2.5801470804035
2015,2,0,21.6712823032915,27.4385270923074,65.5820939918332,10.988545948954,7.48969134969501,89.6984057583787,0.233776892195626,8.02649316052961,0.157629862376164,9.3857724537037,34622.3602569444,2.64206882808381
2016,2,0,23.6484466798459,27.8072854607429,66.0258610670247,10.0662921610752,7.34753352474397,89.1326650182256,0.486260763163368,8.00818184972997,0.166538671309166,10.0907724537037,31408.4602569444,2.97045811328522
2017,2,0,27.2606174136437,29.6008745484022,73.1222985516372,10.768170948954,6.58324904201872,86.1631562774054,0.337768695474314,7.98877744083624,0.154556833702328,15.0067724537037,57788.8602569444,2.98606043029169
2003,3,0.176,26.5443680811072,25.1011806696422,68.8364045222577,11.4720359210072,6.37315040387619,87.5210140870483,0.0504997379368802,7.98314521541934,0.166762213229051,19.5443918981481,46910.8974513889,3.08753552570864
2004,3,0,23.7132967479777,26.7320499788542,63.9042184460909,12.3781156530092,7.30991386750305,89.260487788111,0.303914443819233,7.97784050370288,0.121230363494466,16.3543918981481,73680.6674513889,2.94309787903643
2005,3,0.255,23.961037767054,29.2301270242187,60.3456290535622,10.5856204448103,6.75300145549169,86.0473975911554,0.206052784155368,8.0562334367512,0.141810560627082,11.3683918981481,60117.8474513889,2.7248145253144
2006,3,0.342,22.8636983978431,30.7899927954791,81.5308232908546,9.25230100036913,6.86452269878639,86.4464726936921,0.299608371712971,8.12082458042431,0.123826900496363,16.9073918981481,92092.8474513889,2.71364405302676
2007,3,0.519,23.8111822410341,29.2802803513767,78.798423207374,8.68803159397643,6.54012215695277,83.2683126239659,0.255029569869653,8.09598731587722,0.188057782849305,11.6043918981481,52988.2974513889,3.05879882425947
2008,3,0,23.7846641142656,31.1970059899583,78.9532873999246,8.171651282855,6.64150725687671,85.7964171987371,0.273689688917272,8.06709529800024,0.134894962336484,19.4833918981481,28886.3374513889,3.31648760777872
2009,3,0.415,25.1666711615444,32.1129790352551,73.0565653254671,7.5157922284393,6.37367513478601,85.1966057346597,0.225990092143079,8.02369361198367,0.122025429908128,11.0203918981481,26269.6174513889,3.17403488258314
2010,3,0,20.3292205626396,29.6606762291399,65.1125172182723,7.39043825527109,7.37296256565153,90.0876313756212,0.369186712726796,8.09781408108073,0.141541585666206,12.7153918981481,30898.9574513889,3.05471801383661
2011,3,0,24.2590257973064,30.2268095213079,70.1131269577537,9.70263433370246,6.10777214003976,86.4273749663905,0.308491616777969,8.12554050496293,0.127934098638778,10.9083918981481,51468.7774513889,2.79951205791188
2012,3,0.398,27.7005379777871,30.2981518589758,56.3551702876108,11.3078565559247,5.97342189340692,82.0920701768368,0.387798572565071,7.95968637544914,0.122012621558982,15.1493918981481,54446.0974513889,2.98635054078551
2013,3,0,21.1950438363767,31.6419230463752,74.5256320975153,10.037378519749,7.89667462070257,95.5630994258777,0.260043855583939,8.12683350464495,0.112041116182638,8.22739189814815,45906.6074513889,2.90539499131795
2014,3,0,24.5817871248279,28.8422018948315,74.1709241247252,6.5300787781469,6.78793767623183,88.8547925488062,0.042043855583939,8.00563917267253,0.108074449515971,12.0893918981481,36630.0974513889,2.40562404475041
2015,3,0,26.5160891141128,27.4563851564861,65.5638926951278,9.52643143515173,6.60714369477813,88.0086365795129,0.345927188917272,7.98118974246135,0.166924732001847,9.01639189814815,36005.5074513889,2.84834462944604
2016,3,0,26.1461352518154,27.1711444476616,69.3300440772641,8.97063433370246,6.74670908036907,85.8544534442362,0.342363300028383,8.04397715999743,0.169301722243244,11.8953918981481,36903.3974513889,2.8884304600375
2017,3,0,23.7755435895938,30.7292175640254,78.3713962864236,8.63131229980415,6.71735511456311,88.2552687401742,0.31084742701251,8.11475764368203,0.175140177215502,11.3183918981481,61833.1574513889,3.07012391744975
2003,4,0.37,24.5665280327171,26.2352946934358,59.963019153635,10.1923666499421,6.56166250437575,86.7800272173815,0.0197798985612229,8.04805011876538,0.167978639345549,16.005905787037,45126.6496458333,3.16035137398754
2004,4,0.929,22.5283411571703,28.2389493290708,57.1480134598095,8.3872640023727,6.66932994465258,86.5074957569361,0.22297156522789,8.01870472148974,0.125684319207855,18.398905787037,63311.3196458333,2.93490072342489
2005,4,0.602,22.142837359133,27.6173370483068,59.8939323753374,11.1319323617477,6.62592280406651,87.2970513124289,0.197789898561223,8.09274729404573,0.141272075638985,14.351905787037,73375.8096458333,2.69611921914677
2006,4,0,26.4719450683599,31.3333991941369,74.4203942871146,7.15747506348821,6.0344573002537,84.6547179788789,0.325456461061223,8.17495058082599,0.136704312223396,14.449905787037,90776.3496458333,2.6659156117566
2007,4,0.778,23.0078539800202,28.9955338775455,60.7020843501198,8.0429339242477,6.90750926104177,84.7521362805962,0.285679898561223,8.07531085160027,0.126132700970199,11.939905787037,50340.8596458333,3.03315807630151
2008,4,0.477,23.4429008806813,31.7884749886177,82.2380495330722,8.67313996820374,6.26361592769899,82.2518094829492,0.237139898561223,8.01993223206828,0.128745238943135,11.614905787037,18714.9696458333,3.38962704656401
2009,4,0.477,23.255770273267,32.2429808375586,69.0547876879494,8.4451595340038,6.04064668245094,83.3583077221674,0.343001175156968,7.93352112416211,0.143268321885232,16.132905787037,28922.2896458333,3.31108570047842
2010,4,0,23.7487481028813,26.8528568304694,70.7840619027157,7.6780901742477,6.56435224346004,83.9865733246226,0.399819184275509,8.00226085157805,0.130524398274121,10.356905787037,58822.6396458333,3.04324259406604
2011,4,0,25.9883184426042,28.9204445516722,71.7749450586232,10.4840895846251,5.61860015647313,83.0866876763562,0.423979898561223,8.09534753663771,0.116552665319575,9.42590578703703,51003.1296458333,2.99050749739217
2012,4,0,25.2500766557976,30.6494442221575,68.8428147455597,8.78427164354595,6.48668639282194,88.7837431364465,0.33874775570408,8.05812751828226,0.129293108210018,18.585905787037,47869.9796458333,2.88509919125853
2013,4,0,23.8530971604581,31.1960321910177,67.1693950873596,9.39247159548058,6.63750747533363,96.7028290883845,0.20754656522789,8.05871910987054,0.119220544107454,8.48190578703704,40884.7796458333,2.68697685456658
2014,4,0,24.3978950725942,28.942934382274,83.1337309243687,6.51977215954182,6.61737522346622,92.7888251213134,0.00647989856122286,8.0913599969148,0.115823877440787,8.38990578703704,41045.4896458333,2.53324508468441
2015,4,0,27.1503977556188,28.0080158218748,76.50568076544,10.0063991141211,6.21163816401006,88.9758651648064,0.345141188883804,7.96741936072484,0.138202985422008,11.841905787037,38504.0896458333,2.94654413419066
2016,4,0,23.9869142863878,28.8786059486083,73.5647157555977,16.0533109083747,7.07766284528989,88.5628523073205,0.309885303966628,8.03891963295511,0.163153112413465,11.828905787037,37056.7396458333,2.84171234585995
2017,4,0,24.3038232833437,30.3372297445543,83.8735754938686,8.60950650489286,6.47899478734601,90.4348934172079,0.319515612846937,8.08710380553794,0.244587210774121,15.379905787037,49147.2896458333,2.84477689598418
2002,5,0.243,NA,NA,NA,NA,NA,NA,NA,NA,NA,19.6206030092593,46212.3768402778,2.99418642215074
2003,5,0.23,26.1864283184305,26.2533132117955,74.1920407757321,9.60936977428988,6.41193274838673,86.9231302560436,0.0124613910942941,8.07709038486048,0.168420515205061,13.0296030092593,58421.7568402778,2.98081871283335
2004,5,0,22.6827659322933,27.0695172087985,72.0411063378279,11.427072901553,6.76190388306152,83.3771370885245,0.206771188731298,8.07499394134059,0.142314820640781,11.7136030092593,44264.7118402778,3.14826422978244
2005,5,0.778,22.584860309764,26.8837311932217,63.0066278765796,8.94806135288711,6.61859870084471,89.3782743442814,0.22211660576637,8.04131398998693,0.144938026382408,10.7866030092593,68092.3668402778,2.71156153893204
2006,5,0,25.177189331478,30.962467233083,77.2278388946462,6.32610516584061,5.93682414363941,84.3055584501713,0.284037517056834,8.13260085650156,0.140494855806077,12.8036030092593,93741.4168402778,2.7618182192431
2007,5,0.079,22.6330152107426,31.089867487936,66.7730660232686,7.62407951528312,5.90150685679731,81.6369410108814,0.170679479329588,8.02456320158904,0.125542734174616,9.27060300925926,49119.0568402778,2.99690359637178
2008,5,0.588,23.8846320427339,31.8328117167603,71.340837204888,7.25733154780344,6.04836687104595,83.0516076763481,0.186719028879138,8.02190938855357,0.195719804338965,7.50160300925926,11952.7268402778,3.30603787200641
2009,5,0,24.9369273761672,32.2636020394313,71.7728401775878,8.07309186096213,6.19712887102462,85.0612999868993,0.334992855952965,8.1006444961139,0.131345780393103,16.5036030092593,20976.7068402778,3.11549873484549
2010,5,0.301,24.5692821380545,27.476494335026,55.8975551466053,12.5148322034552,6.0492354748021,83.7914281894634,0.418011270374364,7.97849279799955,0.150045780393103,17.4366030092593,77344.3368402778,3.15350378811921
2011,5,0,24.8745476269717,28.5449814718946,73.2938922320814,11.278684778441,6.52182582444745,85.6795336033357,0.303846402406511,8.1035655599157,0.129121838184641,13.6716030092593,46250.0968402778,2.98605902811343
2012,5,0,24.7686370180356,31.1397549914437,69.2812627793238,8.79438254558615,5.97941258750826,79.3699598784172,0.325652498197513,8.0318894351424,0.095891406335788,15.1176030092593,61095.5268402778,2.74806916417871
2013,5,0,23.2246496532296,29.6102121879209,71.7915345122931,10.8819276165489,7.52816731988613,107.190233191834,0.290107184247621,8.02443449608306,0.127298329412711,16.7826030092593,33619.4368402778,2.74975564667987
2014,5,0,23.0922514072482,27.4752878237882,72.8874496768656,9.43947634067994,6.7268833154635,89.7132473162332,0.358811787021896,8.09064467626957,0.136003051634933,13.6156030092593,50716.7768402778,2.48628352289242
2015,5,0,25.8490214732693,29.3133235305943,77.9688129647295,8.71676244211239,6.38482172818081,87.1489328807046,0.392093617260623,7.98011032942078,0.144617452219729,11.3326030092593,29450.8268402778,2.96318873276766
2016,5,0,24.9198196275191,28.9040194370019,74.8946888425175,8.88532951528312,7.18051220436041,90.8007341134017,0.271175034885144,8.06090894052957,0.167989162746044,13.0906030092593,48017.9168402778,2.97676039506223
2017,5,0,24.4552707242248,31.4189675893126,66.5131053593439,9.67477718970172,6.60224592642728,91.6667866422944,0.205239849699959,8.02496814040961,0.129161418843605,13.6486030092593,41571.9768402778,2.83835660125294
2002,6,0.849,NA,NA,NA,NA,NA,NA,NA,NA,NA,18.8581946759259,42985.3786458333,2.61907655037759
2003,6,0.573,24.2981079581602,26.3755041051205,66.6715289289156,10.6572358754185,6.30975110982892,88.2031832248388,0.00166600166693281,8.00218537343241,0.162308454951389,14.5071946759259,58499.4786458333,2.61907655037759
2004,6,0,25.1960971909732,29.1146575742639,44.4799316082738,9.83347141419116,6.3830012102698,85.524088459974,0.217671024773222,8.10139034562236,0.129039266775224,16.0681946759259,60393.7286458333,2.61907655037759
2005,6,0,22.6261920584339,26.718368277638,73.4077488653808,10.3450609781425,6.46506958196534,88.5779773492419,0.204336059634518,8.05613372660465,0.176007714993673,10.8691946759259,62983.7586458333,2.61907655037759
2006,6,0.602,23.7349340084006,31.2016353557033,81.5249010660442,5.32221267864281,6.22253743123367,85.2469517088189,0.28963596199189,8.09339023521974,0.140343502445657,11.6771946759259,90248.4286458333,2.61907655037759
2007,6,0.477,23.8197102634303,30.9195352385949,65.15359750778,5.94857433441623,6.55185074470799,91.6566048006929,0.188356450458647,8.05022070331474,0.106231634516772,10.7651946759259,64482.8786458333,4.78639388512576
2008,6,0,23.9051647130335,31.6353883120559,78.4579155583835,7.6654052782633,6.40080649735004,84.5466440153086,0.239820086822284,7.99181197402631,0.138456630756808,16.6901946759259,15048.3286458333,2.61907655037759
2009,6,0,25.2372850348689,31.9556371505386,80.0956728783155,10.7276748635168,6.9898273681025,86.7001568361907,0.376060193774155,8.01370934164577,0.14708145236741,15.3141946759259,12304.9286458333,2.61907655037759
2010,6,0,25.0758376536363,28.7133521579653,66.3423225814893,8.00693753632782,6.38303012548842,81.690178609091,0.33706809818592,8.08553357085209,0.154393543870678,11.6221946759259,59194.3986458333,2.61907655037759
2011,6,0,24.5600575869093,30.4448729301094,62.5640718786842,10.2020255128674,6.33732236415295,86.6281008067605,0.326422432863339,8.12195140927554,0.10710815487637,12.2631946759259,49347.7286458333,2.61907655037759
2012,6,0,23.0939094311629,29.1967332245417,63.7316845020709,10.2153189737924,6.85452193854117,89.5440379551611,0.247245013508501,8.15862067075506,0.122968204504162,12.8291946759259,57035.8086458333,2.61907655037759
2013,6,0,25.3817693742254,29.1511817648022,69.5964502186479,9.20588914923104,6.40349804701957,89.8778147482419,0.30508372318592,8.0744000499074,0.133437007922965,12.3981946759259,31455.8186458333,2.61907655037759
2014,6,0,24.6794157421628,28.5173214941447,81.6999739650333,10.1150284934933,6.49075727151397,90.2557262670948,0.330410646262843,8.08606775893573,0.154018519762674,8.73219467592592,66479.6786458333,2.61907655037759
2015,6,0,25.1663100247517,29.6338657079904,82.4956220095097,9.00680378337738,6.54205699008418,91.7290190166586,0.219577550346414,7.95756265155128,0.139918362565279,12.7841946759259,26049.7286458333,2.61907655037759
2016,6,0,23.9378733338973,27.1668948727687,77.9676189037923,14.4582575702837,6.37848637881092,83.0888212322398,0.349254775817499,8.01981953951247,0.190815333431573,8.99119467592593,46079.3786458333,5.03571705771587
2017,6,0,23.1829390181609,29.6520066962287,65.726954663047,7.91121523618756,6.15951261339502,86.1581416691105,0.348391415493612,7.97470379879257,0.127514358350316,19.8171946759259,34311.3586458333,2.61907655037759
2002,7,0,NA,NA,NA,NA,NA,NA,NA,NA,NA,24.1112168981482,38659.7250347222,2.93582964890088
2003,7,0.602,24.2889785600508,22.9723212342275,65.2560927688437,12.5374570095744,6.53228377961629,88.6115564993383,-0.0128329517648189,8.08227893911429,0.181650440851254,16.7242168981481,64657.4150347222,2.93582964890088
2004,7,0,21.8740369962419,29.1633998894071,78.7438806409392,7.22610978325775,6.47258524060107,84.0405008302659,0.231003594212193,8.04275172757029,0.0855486034754801,12.2482168981481,65546.2250347222,2.93582964890088
2005,7,0.954,24.3855835165561,25.711402571328,69.7239621871543,5.05642514144253,6.43919868018916,89.3135139014907,0.295501148235181,7.94552940946562,0.181931000853278,16.4122168981481,73163.4450347222,2.93582964890088
2006,7,0,24.5150485094111,32.117981248711,86.2310817666815,6.58537655844658,6.81614873630589,88.780035916131,0.241706350704317,8.22611420480198,0.134289948643378,15.2582168981481,80134.9250347222,2.93582964890088
2007,7,0.301,24.7095950484685,32.3245182278408,62.247895633212,7.76254156555895,6.12121311021693,86.7088472358907,0.271940136470475,8.04349753812773,0.1266350135051,17.3412168981481,55688.6950347222,2.93582964890088
2008,7,0.23,24.4112433567959,31.7283766203647,60.9690126439371,9.27886703996953,6.19969339693478,83.8550759927495,0.272917696383329,8.08354700052816,0.21204448817677,12.0832168981481,17188.3250347222,2.93582964890088
2009,7,0,24.6623039668517,30.3662027049885,80.8463497016504,20.1502712952887,6.31211548345386,89.1841239653133,0.27759320414916,8.11336583879466,0.191346273259838,8.99821689814815,12426.6250347222,2.93582964890088
2010,7,0.114,24.4148436051698,29.1899701435619,71.9846905635672,7.26524426826165,6.34863817481471,86.5206019539297,0.293269548235181,8.20745999025984,0.133179606593171,14.1022168981481,71873.6250347222,2.93582964890088
2011,7,0,24.2799355350227,31.9095370410759,68.9331925650998,14.0306349316523,6.60376434545463,90.8492062093446,0.349844548235181,8.09821913969479,0.0890313629183985,12.5572168981481,41887.5250347222,2.93582964890088
2012,7,0,23.9331305390585,28.1997285079735,64.1359423107771,7.78110108252272,6.24576480102412,76.2426633268401,0.306963096622278,7.87941976035006,0.0915748325096248,9.04721689814815,51659.2450347222,2.93582964890088
2013,7,0,22.888123298757,27.4648893137173,65.5258698171073,8.42680462862201,6.77405149402967,88.7087361252129,0.384495354686794,8.03502320865735,0.11926656311491,10.3812168981481,20459.1550347222,2.93582964890088
2014,7,0.176,25.2209514820323,30.8238917488749,66.9997003142947,9.34621866370973,6.39460840933607,88.915856007489,0.343192625158258,8.01945822192739,0.125737577607664,9.30921689814815,82228.3650347222,2.93582964890088
2015,7,0,24.0865465064166,30.3163965906344,64.5378674706021,7.81093796195535,6.48731983533663,88.3546417556907,0.229921063386696,7.92752502352118,0.138595420744919,12.8642168981482,16776.6550347222,2.93582964890088
2016,7,0,25.8512457616986,28.9785108206056,77.3461404565806,8.36517452109513,6.67960725436125,89.9026250134129,0.349786214901848,8.05265309367773,0.160297686897281,8.92421689814815,45279.3250347222,2.93582964890088
2017,7,0,25.208566775998,30.2676630065166,120.291627059368,2.8113035533532,6.37201419625819,88.2135122008338,-0.0198031790375462,8.2527631187584,0.135423981116436,15.6102168981481,22886.9550347222,2.93582964890088
2002,8,1.322,23.9811286063998,31.9358559703392,69.1168911674833,6.40194937443104,6.05960891760431,89.8143660167388,-0.0393721878641786,7.92585649442664,0.0923895538467249,16.9371974537037,30949.5638680556,2.93419123767026
2003,8,0.504,21.9001561795771,24.3168570657201,62.0210305246832,9.98427231459378,7.10787426497069,89.8594080610166,-0.0373955738984342,8.07259269924305,0.177373680830852,15.0611974537037,74645.4138680556,2.93419123767026
2004,8,0,23.3206002642031,26.4785619962468,67.0218633101193,9.21516546371669,6.36753984861567,82.3797111934011,0.177321586009007,8.0076502825529,0.100033462815935,12.6781974537037,79456.1638680556,2.93419123767026
2005,8,0.522,24.6962945606543,27.8786124568065,76.1317693071431,5.00287795505765,6.22916470404429,88.1576850491489,0.345472562455924,8.03758927226852,0.179828226285397,12.4671974537037,91643.0138680556,2.93419123767026
2006,8,0,24.6383185342377,31.6845577000748,76.7353384974754,5.59328754546724,6.62846613333658,90.6605055618489,0.282005458462098,8.11268048093572,0.123574979532151,13.4401974537037,88430.0938680556,2.93419123767026
2007,8,1.161,24.7239701669619,32.6696482127271,75.9729150083483,2.87873905048396,6.12590828175317,91.2833517160822,0.301039208710261,7.99422226294709,0.0837784427356138,11.0301974537037,47554.6738680556,2.93419123767026
2008,8,0,23.9541490015939,32.6649823033288,72.5305654198096,7.55758191251751,6.84182156680303,91.7770183814155,0.270950052395562,7.92888728095464,0.245751415708587,13.4381974537037,12929.2638680556,2.93419123767026
2009,8,0.498,23.6282367017959,31.8094755021148,79.4985278364173,15.4720078251875,6.17203132700639,86.325890176336,0.351379149034217,8.1899003531878,0.166422382129553,7.5711974537037,8792.46386805555,2.93419123767026
2010,8,0,23.9906117440587,29.9905491573984,62.6694874960764,9.89144572531556,6.98283426516557,86.3564900821162,0.424701044459054,8.17697781199416,0.116582790561701,14.4591974537037,61436.0638680556,2.93419123767026
2011,8,0,25.1766096697639,31.3336672103357,73.2677826828663,14.5565501449367,6.41731045567631,89.650515238657,0.302599323019304,8.17943258221308,0.0956651094022805,18.8451974537037,53060.3338680556,2.93419123767026
2012,8,0,25.0678869184489,29.0036294244405,53.3942102339878,7.45097985315955,6.1756449054216,76.5437961603489,0.210113742871752,7.97215300630636,0.104047849128308,13.7851974537037,25541.4238680556,2.93419123767026
2013,8,0.204,24.4837339661856,29.4496199731512,57.7431127554712,13.6002947570057,6.21285025663771,84.9617062132642,0.381632944100631,8.00082825393494,0.136138091858421,16.3981974537037,36398.0438680556,2.93419123767026
2014,8,0,25.0137784107586,30.8876157999,74.4385427051392,10.9813833840549,5.58624964487768,79.599801451452,0.326509473577828,8.01310769185152,0.124662851337764,14.1871974537037,52746.3138680556,2.93419123767026
2015,8,0,24.1338637281414,24.1616301224756,68.6570040455842,13.7955361519332,6.77697712232381,91.5305208704292,0.24076771112572,7.97155125865728,0.18632010940228,12.5291974537037,27066.3638680556,2.93419123767026
2016,8,0,25.1019987812068,29.4445786878884,83.1459619447961,5.6508260070057,6.75641045562259,90.8501440658516,0.274158560798923,8.09625438854815,0.129278442735614,7.6461974537037,46792.4938680556,2.93419123767026
2017,8,0,25.063168748962,31.0313195895786,77.7214346956771,9.19521062239032,6.46465393391186,82.93295931091,-0.0395382717802625,8.04470269773984,0.15284510940228,10.8051974537037,34375.2638680556,2.93419123767026
2002,9,0.161,24.7106014462624,29.9921883545057,70.9968665606567,15.0913650755671,110.0980348051,89.9327872189527,-0.0320560954559071,8.08822158327644,0.0713179008114582,13.6319196759259,38195.4477013889,2.77132447990191
2003,9,0.519,24.5726679882687,25.9167769473675,67.1937826569412,8.76653849510351,7.01593562859639,89.9583516601445,-0.0240855826353943,8.06815213991248,0.182653511011823,15.5309196759259,72658.3877013889,2.77132447990191
2004,9,0,22.9464906989679,24.8564973546699,71.263560686698,8.57759778355863,6.69508351479129,84.0880590078676,0.293771237877426,7.95019013915755,0.497908931066023,24.4189196759259,66985.0677013889,2.77132447990191
2005,9,1.322,24.1610451307621,26.8826854074921,79.7764071868096,4.53254114661866,6.61772173618994,96.2561766533251,0.294652589990102,8.04286268371379,0.140643654380998,17.2359196759259,108653.477701389,2.77132447990191
2006,9,0,23.9204045811501,30.591134014779,71.9029185155583,7.62055401870233,6.52608530050772,87.1427029708689,0.222797608247797,8.14470837456626,0.120812787260548,16.1339196759259,90893.0477013889,2.77132447990191
2007,9,0,24.361113880608,34.0047293310852,73.6606096670715,7.48355124762876,6.37993892368313,92.1420406010462,0.214775063964383,8.02778870709226,0.0813576453787476,13.7299196759259,38717.2377013889,2.77132447990191
2008,9,0,23.7433817073239,37.9237063472429,81.6055812095935,3.25683457596159,6.85687043855779,93.6361766549917,0.183204023591712,8.11517008682095,0.0940543948502063,11.2869196759259,16148.1477013889,2.77132447990191
2009,9,0,24.8046284101123,31.4141152451138,83.3774686930099,10.4860415714275,5.85500324987044,76.6546125528123,0.407841523591712,8.0632241222196,0.135840709079455,5.29391967592593,16514.4477013889,2.77132447990191
2010,9,0,24.1742634465911,29.8575326775252,60.5682124312222,4.34512855920607,6.11330333342952,78.4343779125389,0.336927237877426,8.08160884599709,0.0841715988671197,15.0199196759259,57732.8577013889,2.77132447990191
2011,9,0,24.5446737750462,30.7453490968674,63.3045996400305,13.6965021855797,6.02930294920172,83.5282372605675,0.213488966272488,8.00515273261744,0.0496110076651023,15.7309196759259,50900.7977013889,2.77132447990191
2012,9,0,24.0011209512609,27.3893528158503,58.807644186237,7.85924569207321,6.57329499958025,85.2266210985473,0.320780179053897,7.97596686748308,0.0774583721229336,9.95291967592593,24797.0577013889,2.77132447990191
2013,9,0.146,24.3633172433846,28.0059212141367,66.0568889577576,11.3266880955601,7.08775643209471,88.551255602404,0.329071305674036,8.05357218473583,0.100188233234045,12.9139196759259,40295.5377013889,5.20268824406089
2014,9,0,25.0153396961562,31.6680505084385,65.5842838885351,20.6297878998654,6.00729754045886,90.5213658442147,0.460370634103841,8.09666092930183,0.122660455456267,10.0699196759259,41920.2577013889,2.77132447990191
2015,9,0,24.0310135002253,24.7444394661296,64.2957671412444,13.9438113832314,5.98317488464228,84.3852282977215,0.282082793432982,8.04347029002188,0.1593687887896,9.63691967592593,29786.6477013889,2.77132447990191
2016,9,0,25.1782896744055,28.1948021186902,76.353896513192,9.04591776999528,6.64031925801636,89.344081417416,0.337908719358908,8.09011331030178,0.122183453291765,9.57191967592593,43780.2477013889,2.77132447990191
2017,9,0,23.8690685770211,26.1575560492815,88.5763272307011,4.43877109314272,6.8898120050513,95.5893471990615,-0.0137091257589374,7.71745989841029,0.168767708542687,10.6029196759259,33521.5777013889,2.77132447990191
2002,10,0.508,27.1939259104188,30.0705224995431,75.985439827254,5.1806007487801,5.71707262804888,88.7707493503848,0.0158875969520262,8.02698936313882,0.136940096623529,18.6249141203704,39962.1205347222,3.01017699459723
2003,10,1.002,24.7709960183334,27.2025539716921,65.4191202752945,18.091696357392,6.7388774466998,88.7590061263056,0.0161711673552626,8.04915108196572,0.190962967739755,12.6299141203704,81857.3305347222,2.87223514891167
2004,10,0,25.7554877722469,27.4887556913255,52.5168669048724,26.7380120299843,6.6460036034032,84.9176840452082,0.367848018802956,7.94806377098167,0.235906005714438,16.1569141203704,73680.4605347222,3.24147774958544
2005,10,0.753,22.8791964967786,29.8608909111339,76.1316312047138,9.01197046051899,6.98210301897922,92.5989258752082,0.31716594746749,8.01860376866785,0.170430395958341,12.8929141203704,98135.7405347222,2.76877185806908
2006,10,1.114,24.8694214349366,28.9628529961056,75.2813264520965,6.28366136027951,6.6841277513617,87.4332519313323,0.249073163962336,8.16973482713968,0.148986005714438,13.3259141203704,89071.4905347222,3.26061889173493
2007,10,0.114,24.5297154916089,32.294791335719,64.7593789417005,5.42840668252483,5.76755210653599,83.8028997305625,0.247644171746893,8.0557338238279,0.115247275555708,13.2119141203704,48826.8605347222,3.16019273053373
2008,10,0,22.3203459357831,33.0435522482226,71.0263287262202,6.36816736628551,6.7346156996534,87.7706631710442,0.263537809201875,8.07941871961957,0.110955301489086,13.9509141203704,20169.1405347222,3.28998496252753
2009,10,0.218,22.6295428482457,32.9994950283448,76.9892416724159,9.25514514406329,6.27768868541969,84.1526140174278,0.406062229879236,8.09841579264316,0.115561561269994,13.2089141203704,20948.7405347222,2.80118710132026
2010,10,0,24.456945908391,30.8535977231652,69.9590884471076,3.49724244136059,6.30430261057531,88.3112393533449,0.318134490951498,8.15673390780707,0.0702474691290723,14.8059141203704,59912.4505347222,2.74751060002615
2011,10,0.004,21.6927107566752,30.136791515853,65.6758612168779,8.86454831866646,6.65770027465464,91.8008619953575,0.317081107176802,8.09898217747565,0.0632465854245831,18.5389141203704,38296.8605347222,2.59830566131716
2012,10,0,25.6454972261959,27.4786751487244,65.016756602233,9.87186295228247,6.29681981488419,85.0193688663847,0.308682720499727,7.94422355678217,0.132739339047771,8.28791412037037,21391.8505347222,2.95471042935262
2013,10,0,25.8442770447102,29.1097684838598,76.1558316985293,8.40661181072996,6.14277133002368,86.910891978271,0.268684100761977,8.04521606812904,0.110232394603327,11.9349141203704,40974.5005347222,2.5751142563345
2014,10,0,25.2005462786425,27.8057385273205,68.3968851884729,7.92468873380688,6.64913092599826,88.5618364395211,0.291264803561262,8.06820529372929,0.14984668368054,10.7409141203704,37178.1405347222,2.70865275281322
2015,10,0,24.3443345580956,27.7770590169419,79.5094953865293,5.8157559548741,6.12041896017461,84.407640471431,0.2366985935156,7.97239999601593,0.216100450158883,7.80691412037037,31452.3405347222,2.95839083624744
2016,10,0,24.7524191952489,27.5859854447092,78.3073731611871,5.82865482148264,6.38987333599242,85.6052835686069,0.288874783991791,8.0608697172836,0.14199221261099,13.5139141203704,35906.8405347222,3.04464940583482
2017,10,0,21.9669566776225,28.3229491498663,60.8334733255464,1.38208800120615,6.44750229350795,88.9649096815754,0.0322682904852971,7.97094916837545,0.173045349976733,11.6389141203704,41354.5405347222,2.68258650865431
2002,11,0.389,24.9712119678027,25.4856946400774,70.1458479856785,11.1590097863176,5.94126328976768,89.829068006432,0.0496347631939505,7.99239087785647,0.140808131187024,25.3483613425926,46746.2162569444,3.05935142855013
2003,11,0.176,25.8433800586368,28.3470977746131,61.7238744196275,13.4217885561867,6.06063682642364,89.8745221082783,0.0372716800296503,8.09296854096628,0.156343871791298,14.3443613425926,76144.9162569444,2.85854295449604
2004,11,1.114,26.2222010424334,27.2532968144091,50.1159935503124,9.95236212972947,5.74211308459903,87.3020746986198,0.377706823317735,8.16047767005072,0.181656023407798,13.2503613425926,62970.2562569444,3.4294818105921
2005,11,0.845,24.6608297498602,29.4733016108345,70.0564127679195,11.6544678490882,6.16342462262093,89.8922969191244,0.298386850308288,8.07969891380601,0.155899823323729,18.1663613425926,81176.7462569444,2.6637642180131
2006,11,0,23.6456402320656,28.9524365980686,81.6773452564749,6.92617907903471,6.16236988216412,87.2944892275577,0.243826214343376,8.16058106865787,0.146713936758815,11.6113613425926,80761.6862569444,3.02414146812406
2007,11,0,21.51591034525,32.3679142618857,73.9023174952329,6.66317598305948,6.05409829510776,93.1009635858577,0.221724213518293,8.15152362345331,0.128900516004403,12.5633613425926,50125.2462569444,3.15258712595936
2008,11,0.342,20.0404515064406,32.5193817301354,69.3311052615805,6.28429915180609,6.36217515915907,89.0116302533244,0.291522786924021,8.07750937816291,0.134631408023182,8.00136134259259,27546.8862569444,3.20467535787065
2009,11,0,25.3046854765484,30.7826964747163,77.874269217863,8.07943538155572,5.35564884635255,79.634296919191,0.322054434040346,8.05674901246374,0.1265201259719,9.91436134259259,32009.5062569444,2.75002689932598
2010,11,0,23.4111846165044,30.9497609172527,66.2905634587605,11.2855068101272,5.69043899804115,90.0340453471646,0.316456208635613,8.0747241663077,0.137306354259742,15.2953613425926,68839.5462569444,3.06964541925841
2011,11,0,24.8057806201126,29.1791566087819,72.1818892971502,11.19264966727,6.20746904338242,88.8972969204577,0.316130313805741,7.48402684948595,0.0930805478081287,14.0523613425926,41460.7262569444,2.50330584184765
2012,11,0,23.9867735990579,27.7990958436414,65.866126531614,9.98291993754028,6.23206211695484,87.2331858090022,0.303090387840644,7.97437353350876,0.126474306573907,9.88436134259259,29017.5362569444,3.09888958020686
2013,11,0.051,25.7197724317878,29.7311908186152,75.2032067264349,10.03924966727,5.57785520410351,88.6850993897491,0.266425172676709,8.12510716292891,0.11254918580096,12.1563613425926,37484.6362569444,2.67817142457105
2014,11,0,23.5331708693896,28.4930385006309,74.8353993767971,8.23350681012715,5.70794769693206,87.3218846380621,0.278538019898931,8.11755372155881,0.139751800180045,11.3823613425926,34759.3862569444,2.54924008051871
2015,11,0,25.3287901788445,28.2351372919991,77.1580216209774,9.03683753303395,5.64750816806359,84.1343337773353,0.268422552806046,8.08519343512179,0.189476785688936,11.9033613425926,31506.1862569444,2.90669421837543
2016,11,0,25.5897886413116,28.90315235706,69.6049784359995,8.57081868135452,13.4327228479935,77.9859864173682,0.375888874599786,8.12472090235893,0.144706190631878,11.2433613425926,36629.4862569444,3.03488703473778
2017,11,0,24.0505974996683,27.2528951107512,80.8208118566464,12.3919600120976,6.49254745954917,93.73865906014,0.0280102421211536,8.18417265480199,0.146978074689849,11.2013613425926,38951.8662569444,2.41776031654499
2002,12,0.453,23.2378101743315,26.8231343042318,56.6452808860873,7.22384740543861,6.29044009418229,88.8293963155685,0.0890997025401221,7.82470348610167,0.127801490739852,19.2046363425926,45853.7397569444,3.27318101581792
2003,12,0.35,22.6307450484448,28.288142185667,43.4787673208955,13.2739321705295,6.64596942739384,88.8372798317003,0.0805614482297773,8.0844771921142,0.199278512798676,12.6676363425926,66109.3097569445,2.83976610799661
2004,12,0.477,25.9714389637721,27.2268769002182,65.4027154514833,11.2369581597543,5.96613280839058,85.9267454694714,0.32637039510769,8.01604443580816,0.1787156602604,18.9136363425926,55192.4097569444,3.16480929093812
2005,12,0.622,22.5975675248691,29.6282648671594,76.781906135683,8.33019582599495,6.43215955256877,89.1582748814492,0.278438121657769,8.13040779906663,0.139417275996263,10.9106363425926,85207.3397569444,2.82539099610425
2006,12,0.778,24.9681260940313,29.7396953796691,73.3018812309842,7.3591271659728,5.99716595370461,87.2133467756806,0.264384460193183,8.04120039322781,0.125833279532956,9.76063634259259,83740.9997569445,2.8700877063966
2007,12,1.204,24.4066664205839,33.9024392011994,79.0986363072669,8.03372620366326,5.55923732225939,85.3202748803826,0.253974544711839,8.05869473214196,0.152695749460783,13.8296363425926,49826.9997569444,3.15568623972199
2008,12,0.255,23.6400435993254,29.8145490634869,70.8771234838353,6.85187502398994,6.62177030263955,89.1074644245041,0.257829376212688,8.02254607987799,0.125671976850964,15.5876363425926,36642.5397569444,3.18433752290411
2009,12,0,25.6584200236698,31.1977172436714,83.8274036077748,8.8403267783759,6.55929042372687,90.2845886052884,0.331988394550431,8.03360297751753,0.140530024618357,15.5216363425926,30986.2997569444,3.1278256558799
2010,12,0,16.3586075086485,30.7641945361369,60.5273753806687,7.41218462151316,6.81114311794527,86.5387364192364,0.369345684682979,8.23211939848819,0.107670299702117,13.2416363425926,57199.7697569444,3.0723804756413
2011,12,0,25.1755229994531,29.257441318253,64.0420950922364,11.4367873046917,6.01899135683712,84.4923960931886,0.294716407787036,7.95799178799655,0.146488263000126,7.09163634259259,38624.7497569444,2.84477611103809
2012,12,0,27.0101107288467,28.7305798504795,75.7364782849251,9.65471219504257,5.16800687674474,84.76373641898,0.229624745348341,8.0171726485973,0.11837605561327,12.3266363425926,35373.8197569444,2.47344894256728
2013,12,0,24.3975921848007,29.3022594800424,71.2884743966995,9.60249645709076,6.28008187675066,91.8044415475144,0.291411523192296,8.0862642310973,0.111559514388501,11.2346363425926,38431.5197569444,2.80232634182136
2014,12,0,22.6436447735709,27.7611351349301,72.2654900479901,9.60361844504257,6.15752284059622,86.4677748806659,0.309593872316242,7.98199243277847,0.141969084917935,15.4266363425926,38910.0997569444,2.5955526289535
2015,12,0,27.5006272666952,28.8196909047623,72.4477610524134,10.1027101117092,5.86349321692749,80.6421667732177,0.286823235703387,8.10207541777824,0.155836541415528,12.9866363425926,33486.0997569444,3.07204810213324
2016,12,0,26.5306492926066,28.9054280773277,76.3860827204609,9.47285455615368,10.3171754938134,89.957321294418,0.364861651069534,7.99730162654593,0.126883087962075,10.2046363425926,41038.4997569444,2.67529481532894
2017,12,0,25.5097494915447,28.8624155405475,70.7703889609868,10.0667434450426,6.28307312251935,92.903214956032,0.0695335967708913,8.09781406271936,0.139323516342262,9.92463634259259,36363.0997569444,2.64820367988258
2002,1,NA,NA,NA,NA,NA,NA,NA,NA,NA,NA,9.82288634259259,63837.0340069444,3.2593965243911
2002,2,NA,NA,NA,NA,NA,NA,NA,NA,NA,NA,16.2917724537037,49191.5602569444,3.09328346482548
2002,3,NA,NA,NA,NA,NA,NA,NA,NA,NA,NA,17.5973918981481,57542.9974513889,3.24220333970648
2002,4,NA,NA,NA,NA,NA,NA,NA,NA,NA,NA,21.750905787037,58568.5896458333,2.8947354772901
